{"document":{"pageListHeight":85,"libraryListCollapsed":0,"pageListCollapsed":0},"AF9C3F9B-E989-44CF-91A2-9D2BD1CD5D3C":{"scrollOrigin":"{-19, 148}","zoomValue":0.1676135342315247},"6FCFFB10-3274-43B1-AB3A-CC931F261DE0":{"scrollOrigin":"{-4355, -98}","zoomValue":0.9882551576572534}}