{"document":{"pageListHeight":140,"pageListCollapsed":0},"EA83015B-7236-4947-B7F7-8DE5C51F3835":{"scrollOrigin":"{-699, -1261}","zoomValue":0.4884939248753541},"638A13B9-4B22-47E2-BDBA-C94201BDEF82":{"scrollOrigin":"{214, 54}","zoomValue":0.2510038413504117}}